<?xml version="1.0" encoding="UTF-8"?>
<!DOCTYPE mapper PUBLIC "-//mybatis.org//DTD Mapper 3.0//EN" "http://mybatis.org/dtd/mybatis-3-mapper.dtd">
<mapper namespace="org.stlife.rbac.rbac.mapper.SecUserMapper">
  <resultMap id="secUserMap" type="org.stlife.rbac.rbac.entity.SecUser">
    <id property="id" jdbcType="BIGINT" column="id"/>
    <result property="username" jdbcType="VARCHAR" column="username"/>
    <result property="password" jdbcType="VARCHAR" column="password"/>
    <result property="nickname" jdbcType="VARCHAR" column="nickname"/>
    <result property="phone" jdbcType="VARCHAR" column="phone"/>
    <result property="email" jdbcType="VARCHAR" column="email"/>
    <result property="birthday" jdbcType="BIGINT" column="birthday"/>
    <result property="sex" jdbcType="INTEGER" column="sex"/>
    <result property="status" jdbcType="INTEGER" column="status"/>
    <result property="createTime" jdbcType="BIGINT" column="create_time"/>
    <result property="updateTime" jdbcType="BIGINT" column="update_time"/>
  </resultMap>
</mapper>
